kernel id, kernel mangled name, grid_dimX, grid_dimY, grid_dimZ, #blocks, block_dimX, block_dimY, block_dimZ, #threads, total_insts, total_reported_insts
kernel-1.trace, _Z12pgain_kerneliilP5PointiPfS1_PiPb, 2, 1, 1, 2, 512, 1, 1, 512, 5364,5364
kernel-2.trace, _Z12pgain_kerneliilP5PointiPfS1_PiPb, 2, 1, 1, 2, 512, 1, 1, 512, 5364,5364
kernel-3.trace, _Z12pgain_kerneliilP5PointiPfS1_PiPb, 2, 1, 1, 2, 512, 1, 1, 512, 5364,5364
kernel-4.trace, _Z12pgain_kerneliilP5PointiPfS1_PiPb, 2, 1, 1, 2, 512, 1, 1, 512, 5364,5364
kernel-5.trace, _Z12pgain_kerneliilP5PointiPfS1_PiPb, 2, 1, 1, 2, 512, 1, 1, 512, 5364,5364
kernel-6.trace, _Z12pgain_kerneliilP5PointiPfS1_PiPb, 2, 1, 1, 2, 512, 1, 1, 512, 5364,5364
kernel-7.trace, _Z12pgain_kerneliilP5PointiPfS1_PiPb, 2, 1, 1, 2, 512, 1, 1, 512, 5364,5364
kernel-8.trace, _Z12pgain_kerneliilP5PointiPfS1_PiPb, 2, 1, 1, 2, 512, 1, 1, 512, 5364,5364
kernel-9.trace, _Z12pgain_kerneliilP5PointiPfS1_PiPb, 2, 1, 1, 2, 512, 1, 1, 512, 5364,5364
kernel-10.trace, _Z12pgain_kerneliilP5PointiPfS1_PiPb, 2, 1, 1, 2, 512, 1, 1, 512, 5364,5364
kernel-11.trace, _Z12pgain_kerneliilP5PointiPfS1_PiPb, 2, 1, 1, 2, 512, 1, 1, 512, 5364,5364
kernel-12.trace, _Z12pgain_kerneliilP5PointiPfS1_PiPb, 2, 1, 1, 2, 512, 1, 1, 512, 5364,5364
kernel-13.trace, _Z12pgain_kerneliilP5PointiPfS1_PiPb, 2, 1, 1, 2, 512, 1, 1, 512, 5364,5364
kernel-14.trace, _Z12pgain_kerneliilP5PointiPfS1_PiPb, 2, 1, 1, 2, 512, 1, 1, 512, 5364,5364
kernel-15.trace, _Z12pgain_kerneliilP5PointiPfS1_PiPb, 2, 1, 1, 2, 512, 1, 1, 512, 5364,5364
kernel-16.trace, _Z12pgain_kerneliilP5PointiPfS1_PiPb, 2, 1, 1, 2, 512, 1, 1, 512, 5364,5364
kernel-17.trace, _Z12pgain_kerneliilP5PointiPfS1_PiPb, 2, 1, 1, 2, 512, 1, 1, 512, 5364,5364
kernel-18.trace, _Z12pgain_kerneliilP5PointiPfS1_PiPb, 2, 1, 1, 2, 512, 1, 1, 512, 5364,5364
kernel-19.trace, _Z12pgain_kerneliilP5PointiPfS1_PiPb, 2, 1, 1, 2, 512, 1, 1, 512, 5364,5364
kernel-20.trace, _Z12pgain_kerneliilP5PointiPfS1_PiPb, 2, 1, 1, 2, 512, 1, 1, 512, 5364,5364
kernel-21.trace, _Z12pgain_kerneliilP5PointiPfS1_PiPb, 2, 1, 1, 2, 512, 1, 1, 512, 5364,5364
kernel-22.trace, _Z12pgain_kerneliilP5PointiPfS1_PiPb, 2, 1, 1, 2, 512, 1, 1, 512, 5364,5364
kernel-23.trace, _Z12pgain_kerneliilP5PointiPfS1_PiPb, 2, 1, 1, 2, 512, 1, 1, 512, 5364,5364
kernel-24.trace, _Z12pgain_kerneliilP5PointiPfS1_PiPb, 2, 1, 1, 2, 512, 1, 1, 512, 5364,5364
kernel-25.trace, _Z12pgain_kerneliilP5PointiPfS1_PiPb, 2, 1, 1, 2, 512, 1, 1, 512, 5364,5364
kernel-26.trace, _Z12pgain_kerneliilP5PointiPfS1_PiPb, 2, 1, 1, 2, 512, 1, 1, 512, 5364,5364
kernel-27.trace, _Z12pgain_kerneliilP5PointiPfS1_PiPb, 2, 1, 1, 2, 512, 1, 1, 512, 5364,5364
kernel-28.trace, _Z12pgain_kerneliilP5PointiPfS1_PiPb, 2, 1, 1, 2, 512, 1, 1, 512, 5364,5364
kernel-29.trace, _Z12pgain_kerneliilP5PointiPfS1_PiPb, 2, 1, 1, 2, 512, 1, 1, 512, 5364,5364
kernel-30.trace, _Z12pgain_kerneliilP5PointiPfS1_PiPb, 2, 1, 1, 2, 512, 1, 1, 512, 5364,5364
kernel-31.trace, _Z12pgain_kerneliilP5PointiPfS1_PiPb, 2, 1, 1, 2, 512, 1, 1, 512, 5364,5364
kernel-32.trace, _Z12pgain_kerneliilP5PointiPfS1_PiPb, 2, 1, 1, 2, 512, 1, 1, 512, 5364,5364
kernel-33.trace, _Z12pgain_kerneliilP5PointiPfS1_PiPb, 2, 1, 1, 2, 512, 1, 1, 512, 5364,5364
kernel-34.trace, _Z12pgain_kerneliilP5PointiPfS1_PiPb, 2, 1, 1, 2, 512, 1, 1, 512, 5364,5364
kernel-35.trace, _Z12pgain_kerneliilP5PointiPfS1_PiPb, 2, 1, 1, 2, 512, 1, 1, 512, 5364,5364
kernel-36.trace, _Z12pgain_kerneliilP5PointiPfS1_PiPb, 2, 1, 1, 2, 512, 1, 1, 512, 5364,5364
kernel-37.trace, _Z12pgain_kerneliilP5PointiPfS1_PiPb, 2, 1, 1, 2, 512, 1, 1, 512, 5364,5364
kernel-38.trace, _Z12pgain_kerneliilP5PointiPfS1_PiPb, 2, 1, 1, 2, 512, 1, 1, 512, 5364,5364
kernel-39.trace, _Z12pgain_kerneliilP5PointiPfS1_PiPb, 2, 1, 1, 2, 512, 1, 1, 512, 5364,5364
kernel-40.trace, _Z12pgain_kerneliilP5PointiPfS1_PiPb, 2, 1, 1, 2, 512, 1, 1, 512, 5364,5364
kernel-41.trace, _Z12pgain_kerneliilP5PointiPfS1_PiPb, 2, 1, 1, 2, 512, 1, 1, 512, 5364,5364
kernel-42.trace, _Z12pgain_kerneliilP5PointiPfS1_PiPb, 2, 1, 1, 2, 512, 1, 1, 512, 5364,5364
kernel-43.trace, _Z12pgain_kerneliilP5PointiPfS1_PiPb, 2, 1, 1, 2, 512, 1, 1, 512, 5364,5364
kernel-44.trace, _Z12pgain_kerneliilP5PointiPfS1_PiPb, 2, 1, 1, 2, 512, 1, 1, 512, 5364,5364
kernel-45.trace, _Z12pgain_kerneliilP5PointiPfS1_PiPb, 2, 1, 1, 2, 512, 1, 1, 512, 5364,5364
kernel-46.trace, _Z12pgain_kerneliilP5PointiPfS1_PiPb, 2, 1, 1, 2, 512, 1, 1, 512, 5364,5364
kernel-47.trace, _Z12pgain_kerneliilP5PointiPfS1_PiPb, 2, 1, 1, 2, 512, 1, 1, 512, 5364,5364
kernel-48.trace, _Z12pgain_kerneliilP5PointiPfS1_PiPb, 2, 1, 1, 2, 512, 1, 1, 512, 5364,5364
kernel-49.trace, _Z12pgain_kerneliilP5PointiPfS1_PiPb, 2, 1, 1, 2, 512, 1, 1, 512, 5364,5364
kernel-50.trace, _Z12pgain_kerneliilP5PointiPfS1_PiPb, 2, 1, 1, 2, 512, 1, 1, 512, 5364,5364
kernel-51.trace, _Z12pgain_kerneliilP5PointiPfS1_PiPb, 2, 1, 1, 2, 512, 1, 1, 512, 5364,5364
kernel-52.trace, _Z12pgain_kerneliilP5PointiPfS1_PiPb, 2, 1, 1, 2, 512, 1, 1, 512, 5364,5364
kernel-53.trace, _Z12pgain_kerneliilP5PointiPfS1_PiPb, 2, 1, 1, 2, 512, 1, 1, 512, 5364,5364
kernel-54.trace, _Z12pgain_kerneliilP5PointiPfS1_PiPb, 2, 1, 1, 2, 512, 1, 1, 512, 5364,5364
kernel-55.trace, _Z12pgain_kerneliilP5PointiPfS1_PiPb, 2, 1, 1, 2, 512, 1, 1, 512, 5364,5364
kernel-56.trace, _Z12pgain_kerneliilP5PointiPfS1_PiPb, 2, 1, 1, 2, 512, 1, 1, 512, 5364,5364
kernel-57.trace, _Z12pgain_kerneliilP5PointiPfS1_PiPb, 2, 1, 1, 2, 512, 1, 1, 512, 5364,5364
kernel-58.trace, _Z12pgain_kerneliilP5PointiPfS1_PiPb, 2, 1, 1, 2, 512, 1, 1, 512, 5364,5364
kernel-59.trace, _Z12pgain_kerneliilP5PointiPfS1_PiPb, 2, 1, 1, 2, 512, 1, 1, 512, 5364,5364
kernel-60.trace, _Z12pgain_kerneliilP5PointiPfS1_PiPb, 2, 1, 1, 2, 512, 1, 1, 512, 5364,5364
kernel-61.trace, _Z12pgain_kerneliilP5PointiPfS1_PiPb, 2, 1, 1, 2, 512, 1, 1, 512, 5364,5364
kernel-62.trace, _Z12pgain_kerneliilP5PointiPfS1_PiPb, 2, 1, 1, 2, 512, 1, 1, 512, 5364,5364
kernel-63.trace, _Z12pgain_kerneliilP5PointiPfS1_PiPb, 2, 1, 1, 2, 512, 1, 1, 512, 5364,5364
kernel-64.trace, _Z12pgain_kerneliilP5PointiPfS1_PiPb, 2, 1, 1, 2, 512, 1, 1, 512, 5364,5364
kernel-65.trace, _Z12pgain_kerneliilP5PointiPfS1_PiPb, 2, 1, 1, 2, 512, 1, 1, 512, 5364,5364
kernel-66.trace, _Z12pgain_kerneliilP5PointiPfS1_PiPb, 2, 1, 1, 2, 512, 1, 1, 512, 5364,5364
kernel-67.trace, _Z12pgain_kerneliilP5PointiPfS1_PiPb, 2, 1, 1, 2, 512, 1, 1, 512, 5364,5364
kernel-68.trace, _Z12pgain_kerneliilP5PointiPfS1_PiPb, 2, 1, 1, 2, 512, 1, 1, 512, 5364,5364
kernel-69.trace, _Z12pgain_kerneliilP5PointiPfS1_PiPb, 2, 1, 1, 2, 512, 1, 1, 512, 5364,5364
kernel-70.trace, _Z12pgain_kerneliilP5PointiPfS1_PiPb, 2, 1, 1, 2, 512, 1, 1, 512, 5364,5364
kernel-71.trace, _Z12pgain_kerneliilP5PointiPfS1_PiPb, 2, 1, 1, 2, 512, 1, 1, 512, 5364,5364
kernel-72.trace, _Z12pgain_kerneliilP5PointiPfS1_PiPb, 2, 1, 1, 2, 512, 1, 1, 512, 5364,5364
kernel-73.trace, _Z12pgain_kerneliilP5PointiPfS1_PiPb, 2, 1, 1, 2, 512, 1, 1, 512, 5364,5364
kernel-74.trace, _Z12pgain_kerneliilP5PointiPfS1_PiPb, 2, 1, 1, 2, 512, 1, 1, 512, 5364,5364
kernel-75.trace, _Z12pgain_kerneliilP5PointiPfS1_PiPb, 2, 1, 1, 2, 512, 1, 1, 512, 5364,5364
kernel-76.trace, _Z12pgain_kerneliilP5PointiPfS1_PiPb, 2, 1, 1, 2, 512, 1, 1, 512, 5364,5364
kernel-77.trace, _Z12pgain_kerneliilP5PointiPfS1_PiPb, 2, 1, 1, 2, 512, 1, 1, 512, 5364,5364
kernel-78.trace, _Z12pgain_kerneliilP5PointiPfS1_PiPb, 2, 1, 1, 2, 512, 1, 1, 512, 5364,5364
kernel-79.trace, _Z12pgain_kerneliilP5PointiPfS1_PiPb, 2, 1, 1, 2, 512, 1, 1, 512, 5364,5364
kernel-80.trace, _Z12pgain_kerneliilP5PointiPfS1_PiPb, 2, 1, 1, 2, 512, 1, 1, 512, 5364,5364
kernel-81.trace, _Z12pgain_kerneliilP5PointiPfS1_PiPb, 2, 1, 1, 2, 512, 1, 1, 512, 5364,5364
kernel-82.trace, _Z12pgain_kerneliilP5PointiPfS1_PiPb, 2, 1, 1, 2, 512, 1, 1, 512, 5364,5364
kernel-83.trace, _Z12pgain_kerneliilP5PointiPfS1_PiPb, 2, 1, 1, 2, 512, 1, 1, 512, 5364,5364
kernel-84.trace, _Z12pgain_kerneliilP5PointiPfS1_PiPb, 2, 1, 1, 2, 512, 1, 1, 512, 5364,5364
kernel-85.trace, _Z12pgain_kerneliilP5PointiPfS1_PiPb, 2, 1, 1, 2, 512, 1, 1, 512, 5364,5364
kernel-86.trace, _Z12pgain_kerneliilP5PointiPfS1_PiPb, 2, 1, 1, 2, 512, 1, 1, 512, 5364,5364
kernel-87.trace, _Z12pgain_kerneliilP5PointiPfS1_PiPb, 2, 1, 1, 2, 512, 1, 1, 512, 5364,5364
kernel-88.trace, _Z12pgain_kerneliilP5PointiPfS1_PiPb, 2, 1, 1, 2, 512, 1, 1, 512, 5364,5364
kernel-89.trace, _Z12pgain_kerneliilP5PointiPfS1_PiPb, 2, 1, 1, 2, 512, 1, 1, 512, 5364,5364
kernel-90.trace, _Z12pgain_kerneliilP5PointiPfS1_PiPb, 2, 1, 1, 2, 512, 1, 1, 512, 5364,5364
kernel-91.trace, _Z12pgain_kerneliilP5PointiPfS1_PiPb, 2, 1, 1, 2, 512, 1, 1, 512, 5364,5364
kernel-92.trace, _Z12pgain_kerneliilP5PointiPfS1_PiPb, 2, 1, 1, 2, 512, 1, 1, 512, 5364,5364
kernel-93.trace, _Z12pgain_kerneliilP5PointiPfS1_PiPb, 2, 1, 1, 2, 512, 1, 1, 512, 5364,5364
kernel-94.trace, _Z12pgain_kerneliilP5PointiPfS1_PiPb, 2, 1, 1, 2, 512, 1, 1, 512, 5364,5364
kernel-95.trace, _Z12pgain_kerneliilP5PointiPfS1_PiPb, 2, 1, 1, 2, 512, 1, 1, 512, 5364,5364
kernel-96.trace, _Z12pgain_kerneliilP5PointiPfS1_PiPb, 2, 1, 1, 2, 512, 1, 1, 512, 5364,5364
kernel-97.trace, _Z12pgain_kerneliilP5PointiPfS1_PiPb, 2, 1, 1, 2, 512, 1, 1, 512, 5364,5364
kernel-98.trace, _Z12pgain_kerneliilP5PointiPfS1_PiPb, 2, 1, 1, 2, 512, 1, 1, 512, 5364,5364
kernel-99.trace, _Z12pgain_kerneliilP5PointiPfS1_PiPb, 2, 1, 1, 2, 512, 1, 1, 512, 5364,5364
kernel-100.trace, _Z12pgain_kerneliilP5PointiPfS1_PiPb, 2, 1, 1, 2, 512, 1, 1, 512, 5364,5364
kernel-101.trace, _Z12pgain_kerneliilP5PointiPfS1_PiPb, 2, 1, 1, 2, 512, 1, 1, 512, 5364,5364
kernel-102.trace, _Z12pgain_kerneliilP5PointiPfS1_PiPb, 2, 1, 1, 2, 512, 1, 1, 512, 5364,5364
kernel-103.trace, _Z12pgain_kerneliilP5PointiPfS1_PiPb, 2, 1, 1, 2, 512, 1, 1, 512, 5364,5364
kernel-104.trace, _Z12pgain_kerneliilP5PointiPfS1_PiPb, 2, 1, 1, 2, 512, 1, 1, 512, 5364,5364
kernel-105.trace, _Z12pgain_kerneliilP5PointiPfS1_PiPb, 2, 1, 1, 2, 512, 1, 1, 512, 5364,5364
kernel-106.trace, _Z12pgain_kerneliilP5PointiPfS1_PiPb, 2, 1, 1, 2, 512, 1, 1, 512, 5364,5364
kernel-107.trace, _Z12pgain_kerneliilP5PointiPfS1_PiPb, 2, 1, 1, 2, 512, 1, 1, 512, 5364,5364
kernel-108.trace, _Z12pgain_kerneliilP5PointiPfS1_PiPb, 2, 1, 1, 2, 512, 1, 1, 512, 5364,5364
kernel-109.trace, _Z12pgain_kerneliilP5PointiPfS1_PiPb, 2, 1, 1, 2, 512, 1, 1, 512, 5364,5364
kernel-110.trace, _Z12pgain_kerneliilP5PointiPfS1_PiPb, 2, 1, 1, 2, 512, 1, 1, 512, 5364,5364
kernel-111.trace, _Z12pgain_kerneliilP5PointiPfS1_PiPb, 2, 1, 1, 2, 512, 1, 1, 512, 5364,5364
kernel-112.trace, _Z12pgain_kerneliilP5PointiPfS1_PiPb, 2, 1, 1, 2, 512, 1, 1, 512, 5364,5364
kernel-113.trace, _Z12pgain_kerneliilP5PointiPfS1_PiPb, 2, 1, 1, 2, 512, 1, 1, 512, 5364,5364
kernel-114.trace, _Z12pgain_kerneliilP5PointiPfS1_PiPb, 2, 1, 1, 2, 512, 1, 1, 512, 5364,5364
kernel-115.trace, _Z12pgain_kerneliilP5PointiPfS1_PiPb, 2, 1, 1, 2, 512, 1, 1, 512, 5364,5364
kernel-116.trace, _Z12pgain_kerneliilP5PointiPfS1_PiPb, 2, 1, 1, 2, 512, 1, 1, 512, 5364,5364
kernel-117.trace, _Z12pgain_kerneliilP5PointiPfS1_PiPb, 2, 1, 1, 2, 512, 1, 1, 512, 5364,5364
kernel-118.trace, _Z12pgain_kerneliilP5PointiPfS1_PiPb, 2, 1, 1, 2, 512, 1, 1, 512, 5364,5364
kernel-119.trace, _Z12pgain_kerneliilP5PointiPfS1_PiPb, 2, 1, 1, 2, 512, 1, 1, 512, 5364,5364
kernel-120.trace, _Z12pgain_kerneliilP5PointiPfS1_PiPb, 2, 1, 1, 2, 512, 1, 1, 512, 5364,5364
kernel-121.trace, _Z12pgain_kerneliilP5PointiPfS1_PiPb, 2, 1, 1, 2, 512, 1, 1, 512, 5364,5364
kernel-122.trace, _Z12pgain_kerneliilP5PointiPfS1_PiPb, 2, 1, 1, 2, 512, 1, 1, 512, 5364,5364
kernel-123.trace, _Z12pgain_kerneliilP5PointiPfS1_PiPb, 2, 1, 1, 2, 512, 1, 1, 512, 5364,5364
kernel-124.trace, _Z12pgain_kerneliilP5PointiPfS1_PiPb, 2, 1, 1, 2, 512, 1, 1, 512, 5364,5364
kernel-125.trace, _Z12pgain_kerneliilP5PointiPfS1_PiPb, 2, 1, 1, 2, 512, 1, 1, 512, 5364,5364
kernel-126.trace, _Z12pgain_kerneliilP5PointiPfS1_PiPb, 2, 1, 1, 2, 512, 1, 1, 512, 5364,5364
kernel-127.trace, _Z12pgain_kerneliilP5PointiPfS1_PiPb, 2, 1, 1, 2, 512, 1, 1, 512, 5364,5364
kernel-128.trace, _Z12pgain_kerneliilP5PointiPfS1_PiPb, 2, 1, 1, 2, 512, 1, 1, 512, 5364,5364
kernel-129.trace, _Z12pgain_kerneliilP5PointiPfS1_PiPb, 2, 1, 1, 2, 512, 1, 1, 512, 5364,5364
kernel-130.trace, _Z12pgain_kerneliilP5PointiPfS1_PiPb, 2, 1, 1, 2, 512, 1, 1, 512, 5364,5364
